text,intent
would you hello,GREETING
hello,GREETING
hi right now,GREETING
listen guru hi,GREETING
hi,GREETING
hey,GREETING
could you hey,GREETING
hey immediately,GREETING
hey guru,GREETING
hello guru,GREETING
guru please hello guru,GREETING
good morning for me,GREETING
good morning,GREETING
could you good morning,GREETING
good afternoon,GREETING
can you good afternoon,GREETING
hey good evening,GREETING
good evening,GREETING
listen guru good to see you,GREETING
good to see you,GREETING
good to see you for me,GREETING
nice to see you,GREETING
guru how are you,GREETING
how are you,GREETING
how are you doing for me,GREETING
how are you doing,GREETING
hey how are you doing,GREETING
how have you been quickly,GREETING
how have you been,GREETING
listen guru how have you been,GREETING
hiya,GREETING
greetings,GREETING
greetings please,GREETING
hey greetings,GREETING
what's up,GREETING
what's up for me,GREETING
hey what's up,GREETING
hey hi there,GREETING
hi there,GREETING
hello there,GREETING
hello there quickly,GREETING
hey there quickly,GREETING
hey there,GREETING
good day,GREETING
guru please good day,GREETING
morning guru,GREETING
please morning guru,GREETING
evening guru please,GREETING
evening guru,GREETING
hi buddy,GREETING
hey hi buddy,GREETING
hi buddy quickly,GREETING
hello my friend for me,GREETING
hello my friend,GREETING
guru hello my friend,GREETING
would you are you awake,GREETING
are you awake,GREETING
guru,GREETING
can you guru,GREETING
guru are you there,GREETING
guru are you there for me,GREETING
can you hear me,GREETING
hey guru good morning guru,GREETING
good morning guru,GREETING
good morning guru immediately,GREETING
hello robot immediately,GREETING
hey guru hello robot,GREETING
hello robot,GREETING
bye,GOODBYE
goodbye right now,GOODBYE
goodbye,GOODBYE
see you,GOODBYE
hey see you,GOODBYE
see you later,GOODBYE
talk to you later,GOODBYE
bye guru quickly,GOODBYE
bye guru,GOODBYE
good night,GOODBYE
have a nice day,GOODBYE
could you have a nice day,GOODBYE
catch you later,GOODBYE
would you take care,GOODBYE
take care,GOODBYE
see you tomorrow,GOODBYE
i am leaving right now,GOODBYE
i am leaving,GOODBYE
would you i'll talk later,GOODBYE
i'll talk later,GOODBYE
hey guru until next time,GOODBYE
until next time,GOODBYE
have a good day,GOODBYE
have a good day right now,GOODBYE
please have a good day,GOODBYE
see you soon,GOODBYE
see you soon quickly,GOODBYE
hey guru see you soon,GOODBYE
bye for now,GOODBYE
would you bye for now,GOODBYE
farewell,GOODBYE
i'm done,GOODBYE
please i'm done,GOODBYE
hey guru that's all,GOODBYE
that's all,GOODBYE
thank you goodbye immediately,GOODBYE
guru please thank you goodbye,GOODBYE
thank you goodbye,GOODBYE
good night guru,GOODBYE
guru sleep well,GOODBYE
sleep well,GOODBYE
see you again please,GOODBYE
could you see you again,GOODBYE
see you again,GOODBYE
talk later,GOODBYE
talk later please,GOODBYE
thank you,THANK_YOU
thanks,THANK_YOU
thanks quickly,THANK_YOU
thanks guru,THANK_YOU
thank you guru,THANK_YOU
thank you so much,THANK_YOU
please thanks a lot,THANK_YOU
thanks a lot,THANK_YOU
many thanks,THANK_YOU
really appreciate it,THANK_YOU
really appreciate it for me,THANK_YOU
i appreciate it,THANK_YOU
listen guru i appreciate it,THANK_YOU
you helped me,THANK_YOU
guru please you helped me,THANK_YOU
please thanks for helping,THANK_YOU
thanks for helping,THANK_YOU
thanks buddy,THANK_YOU
great job,THANK_YOU
well done quickly,THANK_YOU
well done,THANK_YOU
would you well done,THANK_YOU
would you nice work,THANK_YOU
nice work,THANK_YOU
nice work for me,THANK_YOU
listen guru good work,THANK_YOU
good work,THANK_YOU
that's helpful please,THANK_YOU
that's helpful,THANK_YOU
that was useful,THANK_YOU
that was useful quickly,THANK_YOU
hey thanks my friend,THANK_YOU
thanks my friend please,THANK_YOU
thanks my friend,THANK_YOU
thanks for your support,THANK_YOU
hey guru thanks for your support,THANK_YOU
excellent,THANK_YOU
would you excellent,THANK_YOU
awesome,THANK_YOU
awesome immediately,THANK_YOU
brilliant immediately,THANK_YOU
brilliant,THANK_YOU
guru please brilliant,THANK_YOU
perfect,THANK_YOU
hey thank you very much,THANK_YOU
thank you very much,THANK_YOU
who are you,INTRODUCTION
guru who are you,INTRODUCTION
introduce yourself please,INTRODUCTION
introduce yourself,INTRODUCTION
tell me about yourself please,INTRODUCTION
tell me about yourself,INTRODUCTION
what is your name please,INTRODUCTION
what is your name,INTRODUCTION
would you what is your name,INTRODUCTION
could you what should i call you,INTRODUCTION
what should i call you for me,INTRODUCTION
what should i call you,INTRODUCTION
what are you,INTRODUCTION
who am i talking to,INTRODUCTION
who am i talking to quickly,INTRODUCTION
could you who am i talking to,INTRODUCTION
can you introduce yourself,INTRODUCTION
guru can you introduce yourself,INTRODUCTION
tell me your name,INTRODUCTION
would you who is guru,INTRODUCTION
who is guru,INTRODUCTION
are you a robot,INTRODUCTION
hey are you a robot,INTRODUCTION
are you an assistant immediately,INTRODUCTION
are you an assistant,INTRODUCTION
could you are you an assistant,INTRODUCTION
what kind of robot are you please,INTRODUCTION
what kind of robot are you,INTRODUCTION
listen guru what kind of robot are you,INTRODUCTION
what is guru immediately,INTRODUCTION
guru what is guru,INTRODUCTION
what is guru,INTRODUCTION
what do people call you,INTRODUCTION
can you who exactly are you,INTRODUCTION
who exactly are you please,INTRODUCTION
who exactly are you,INTRODUCTION
could you tell me who you are,INTRODUCTION
tell me who you are,INTRODUCTION
would you who created this assistant,INTRODUCTION
who created this assistant,INTRODUCTION
who created this assistant immediately,INTRODUCTION
hey what is your identity,INTRODUCTION
what is your identity,INTRODUCTION
what is your identity please,INTRODUCTION
would you introduce yourself please,INTRODUCTION
what can you do immediately,ROBOT_INFO
what can you do,ROBOT_INFO
guru please what can you do,ROBOT_INFO
what are your features,ROBOT_INFO
hey what are your features,ROBOT_INFO
would you what are your capabilities,ROBOT_INFO
what are your capabilities for me,ROBOT_INFO
what are your capabilities,ROBOT_INFO
your services,ROBOT_INFO
your services immediately,ROBOT_INFO
would you your services,ROBOT_INFO
how can you help me,ROBOT_INFO
guru what tasks can you perform,ROBOT_INFO
what tasks can you perform please,ROBOT_INFO
what tasks can you perform,ROBOT_INFO
can you help me for me,ROBOT_INFO
can you help me,ROBOT_INFO
hey can you help me,ROBOT_INFO
what functions do you have please,ROBOT_INFO
what functions do you have,ROBOT_INFO
hey guru what can i ask you,ROBOT_INFO
what can i ask you,ROBOT_INFO
what are you capable of,ROBOT_INFO
show your features,ROBOT_INFO
tell me your abilities,ROBOT_INFO
how do you work please,ROBOT_INFO
how do you work,ROBOT_INFO
what jobs can you do,ROBOT_INFO
what can this robot do,ROBOT_INFO
what can this robot do please,ROBOT_INFO
can you assist me,ROBOT_INFO
what support can you provide,ROBOT_INFO
what services do you offer,ROBOT_INFO
what services do you offer immediately,ROBOT_INFO
how useful are you,ROBOT_INFO
hey how useful are you,ROBOT_INFO
how useful are you right now,ROBOT_INFO
listen guru list your features,ROBOT_INFO
list your features,ROBOT_INFO
who made you,DEVELOPER_INFO
who made you quickly,DEVELOPER_INFO
who created you,DEVELOPER_INFO
who developed you,DEVELOPER_INFO
listen guru who developed you,DEVELOPER_INFO
your developer,DEVELOPER_INFO
your developer right now,DEVELOPER_INFO
guru your developer,DEVELOPER_INFO
hey who built you,DEVELOPER_INFO
who built you,DEVELOPER_INFO
who designed you,DEVELOPER_INFO
who designed you immediately,DEVELOPER_INFO
who programmed you,DEVELOPER_INFO
who is your creator,DEVELOPER_INFO
tell me about your developer,DEVELOPER_INFO
who invented you please,DEVELOPER_INFO
who invented you,DEVELOPER_INFO
who owns your software,DEVELOPER_INFO
who wrote your program,DEVELOPER_INFO
would you who wrote your program,DEVELOPER_INFO
who is behind this robot,DEVELOPER_INFO
who is behind this robot for me,DEVELOPER_INFO
who manufactured you,DEVELOPER_INFO
guru who manufactured you,DEVELOPER_INFO
who made guru,DEVELOPER_INFO
who owns you,OWNER_INFO
who is your owner,OWNER_INFO
who bought you please,OWNER_INFO
who bought you,OWNER_INFO
please who uses you,OWNER_INFO
who uses you for me,OWNER_INFO
who uses you,OWNER_INFO
who do you belong to please,OWNER_INFO
who do you belong to,OWNER_INFO
whose robot are you,OWNER_INFO
can you whose robot are you,OWNER_INFO
who keeps you,OWNER_INFO
who is responsible for you,OWNER_INFO
who controls you,OWNER_INFO
who is your master,OWNER_INFO
who is your master right now,OWNER_INFO
guru who is using you,OWNER_INFO
who is using you,OWNER_INFO
who is your user,OWNER_INFO
would you who is your user,OWNER_INFO
hey guru who is registered as your owner,OWNER_INFO
who is registered as your owner,OWNER_INFO
tell me who owns you,OWNER_INFO
tell me who owns you immediately,OWNER_INFO
who do you work for please,OWNER_INFO
who do you work for,OWNER_INFO
guru who do you work for,OWNER_INFO
where are you,LOCATION_INFO
where are you now,LOCATION_INFO
what is your location,LOCATION_INFO
guru what is your location,LOCATION_INFO
what is your location immediately,LOCATION_INFO
your location,LOCATION_INFO
where are you currently,LOCATION_INFO
could you where are you currently,LOCATION_INFO
hey where did you go,LOCATION_INFO
where did you go immediately,LOCATION_INFO
where did you go,LOCATION_INFO
tell me your location,LOCATION_INFO
please tell me your location,LOCATION_INFO
hey guru which room are you in,LOCATION_INFO
which room are you in,LOCATION_INFO
which room are you in for me,LOCATION_INFO
where can i find you for me,LOCATION_INFO
where can i find you,LOCATION_INFO
where have you reached,LOCATION_INFO
please what room are you in,LOCATION_INFO
what room are you in,LOCATION_INFO
hey guru are you nearby,LOCATION_INFO
are you nearby,LOCATION_INFO
are you nearby please,LOCATION_INFO
where is guru quickly,LOCATION_INFO
where is guru,LOCATION_INFO
where are you standing,LOCATION_INFO
guru please where are you standing,LOCATION_INFO
where exactly are you,LOCATION_INFO
please where exactly are you,LOCATION_INFO
what is today's date,GET_DATE
today's date,GET_DATE
can you what day is today,GET_DATE
what day is today quickly,GET_DATE
what day is today,GET_DATE
tell me today's date please,GET_DATE
tell me today's date,GET_DATE
current date for me,GET_DATE
hey current date,GET_DATE
current date,GET_DATE
what date is it for me,GET_DATE
what date is it,GET_DATE
can you what date is it,GET_DATE
listen guru date please,GET_DATE
date please,GET_DATE
tell me the date,GET_DATE
tell me the date right now,GET_DATE
can you tell today's date for me,GET_DATE
can you tell today's date,GET_DATE
which day is today,GET_DATE
please which day is today,GET_DATE
which day is today quickly,GET_DATE
what's today's date right now,GET_DATE
what's today's date,GET_DATE
please what's today's date,GET_DATE
give me today's date right now,GET_DATE
give me today's date,GET_DATE
show me the date,GET_DATE
today's day,GET_DATE
today's day immediately,GET_DATE
date now,GET_DATE
what time is it immediately,GET_TIME
what time is it,GET_TIME
please what time is it,GET_TIME
would you tell me time,GET_TIME
tell me time,GET_TIME
current time,GET_TIME
hey current time,GET_TIME
current time please,GET_TIME
what is the time for me,GET_TIME
what is the time,GET_TIME
guru please what is the time,GET_TIME
tell me the current time,GET_TIME
hey guru tell me the current time,GET_TIME
time please,GET_TIME
time please immediately,GET_TIME
can you tell the time please,GET_TIME
can you tell the time,GET_TIME
listen guru can you tell the time,GET_TIME
give me the time,GET_TIME
give me the time please,GET_TIME
show current time,GET_TIME
can you time now,GET_TIME
time now,GET_TIME
can you what's the time,GET_TIME
what's the time,GET_TIME
tell me today's time,GET_TIME
clock,GET_TIME
clock quickly,GET_TIME
time,GET_TIME
can you time,GET_TIME
current clock,GET_TIME
current clock please,GET_TIME
wake up immediately,WAKE_UP
wake up,WAKE_UP
hey wake up,WAKE_UP
wake up guru,WAKE_UP
wake up guru please,WAKE_UP
hey wake up guru,WAKE_UP
guru wake up,WAKE_UP
could you guru wake up,WAKE_UP
guru wake up for me,WAKE_UP
start listening,WAKE_UP
activate,WAKE_UP
would you activate,WAKE_UP
activate right now,WAKE_UP
be active,WAKE_UP
wake yourself,WAKE_UP
can you wake yourself,WAKE_UP
wake yourself for me,WAKE_UP
come online,WAKE_UP
resume operation,WAKE_UP
start working,WAKE_UP
power on,WAKE_UP
listen guru wake,WAKE_UP
wake right now,WAKE_UP
wake,WAKE_UP
could you be ready,WAKE_UP
be ready,WAKE_UP
guru be available,WAKE_UP
be available right now,WAKE_UP
be available,WAKE_UP
i need you,WAKE_UP
please i need you,WAKE_UP
are you awake immediately,WAKE_UP
can you are you awake,WAKE_UP
are you awake,WAKE_UP
start assistant,WAKE_UP
can you begin operation,WAKE_UP
begin operation quickly,WAKE_UP
begin operation,WAKE_UP
listen to me,WAKE_UP
wake now,WAKE_UP
would you wake now,WAKE_UP
go to sleep,SLEEP
go to sleep right now,SLEEP
sleep immediately,SLEEP
sleep,SLEEP
sleep guru,SLEEP
enter sleep mode,SLEEP
can you enter sleep mode,SLEEP
take a rest quickly,SLEEP
take a rest,SLEEP
go idle immediately,SLEEP
go idle,SLEEP
pause yourself,SLEEP
rest now,SLEEP
stop listening,SLEEP
hey stop listening,SLEEP
stop listening please,SLEEP
sleep now,SLEEP
take a break,SLEEP
hey take a break,SLEEP
guru power saving mode,SLEEP
power saving mode,SLEEP
low power mode,SLEEP
standby immediately,SLEEP
standby,SLEEP
go into standby,SLEEP
rest immediately,SLEEP
rest,SLEEP
be quiet,SLEEP
guru please wait until i call you,SLEEP
wait until i call you,SLEEP
pause operation,SLEEP
go offline temporarily,SLEEP
stop,STOP
stop quickly,STOP
bas karo,STOP
halt,STOP
listen guru halt,STOP
ruk jao,STOP
listen guru freeze,STOP
freeze,STOP
stop everything,STOP
guru please stop everything,STOP
cancel current task immediately,STOP
cancel current task,STOP
abort,STOP
stop now,STOP
stop now immediately,STOP
hey guru stop now,STOP
don't move,STOP
don't move quickly,STOP
listen guru pause,STOP
pause,STOP
stop what you're doing,STOP
hold on,STOP
wait immediately,STOP
wait,STOP
stay there please,STOP
stay there,STOP
remain still immediately,STOP
remain still,STOP
please remain still,STOP
cancel operation,STOP
please cancel operation,STOP
stop immediately for me,STOP
could you stop immediately,STOP
stop immediately,STOP
emergency stop immediately,STOP
emergency stop,STOP
can you cease operation,STOP
cease operation please,STOP
do nothing,STOP
hold position,STOP
listen guru hold position,STOP
shutdown,SHUTDOWN
turn off,SHUTDOWN
can you turn off,SHUTDOWN
power off for me,SHUTDOWN
power off,SHUTDOWN
switch off for me,SHUTDOWN
guru switch off,SHUTDOWN
switch off,SHUTDOWN
shutdown guru,SHUTDOWN
shutdown guru quickly,SHUTDOWN
power down,SHUTDOWN
hey power down,SHUTDOWN
could you turn yourself off,SHUTDOWN
turn yourself off,SHUTDOWN
turn yourself off quickly,SHUTDOWN
shutdown system,SHUTDOWN
would you close everything,SHUTDOWN
close everything,SHUTDOWN
close everything quickly,SHUTDOWN
guru please stop the robot,SHUTDOWN
stop the robot,SHUTDOWN
would you end session,SHUTDOWN
end session,SHUTDOWN
end session quickly,SHUTDOWN
shut down now,SHUTDOWN
shut down now for me,SHUTDOWN
power off robot,SHUTDOWN
shutdown computer,SHUTDOWN
shutdown device,SHUTDOWN
shutdown device for me,SHUTDOWN
could you restart,RESTART
restart,RESTART
reboot,RESTART
restart system,RESTART
hey guru restart system,RESTART
restart guru,RESTART
hey restart guru,RESTART
reboot robot,RESTART
listen guru reboot robot,RESTART
reboot robot for me,RESTART
would you restart device,RESTART
restart device,RESTART
reload system,RESTART
reload system right now,RESTART
hey reload system,RESTART
restart yourself,RESTART
please reinitialize,RESTART
reinitialize,RESTART
hey reboot yourself,RESTART
reboot yourself,RESTART
restart everything quickly,RESTART
can you restart everything,RESTART
restart everything,RESTART
guru reset system,RESTART
reset system,RESTART
reset robot,RESTART
restart application,RESTART
restart now,RESTART
restart now for me,RESTART
hey restart now,RESTART
listen guru battery status,BATTERY_STATUS
battery status,BATTERY_STATUS
guru battery level,BATTERY_STATUS
battery level,BATTERY_STATUS
battery level please,BATTERY_STATUS
battery percentage,BATTERY_STATUS
how much battery is left,BATTERY_STATUS
can you how much battery is left,BATTERY_STATUS
remaining battery,BATTERY_STATUS
remaining battery immediately,BATTERY_STATUS
listen guru remaining battery,BATTERY_STATUS
current battery,BATTERY_STATUS
current battery for me,BATTERY_STATUS
battery health for me,BATTERY_STATUS
battery health,BATTERY_STATUS
how much charge do you have right now,BATTERY_STATUS
how much charge do you have,BATTERY_STATUS
check battery,BATTERY_STATUS
show battery,BATTERY_STATUS
guru please show battery,BATTERY_STATUS
hey battery information,BATTERY_STATUS
battery information,BATTERY_STATUS
battery information please,BATTERY_STATUS
battery report,BATTERY_STATUS
power level,BATTERY_STATUS
guru please power level,BATTERY_STATUS
charge percentage,BATTERY_STATUS
is battery low,BATTERY_STATUS
system status,SYSTEM_STATUS
robot status,SYSTEM_STATUS
robot status please,SYSTEM_STATUS
would you robot status,SYSTEM_STATUS
hey guru health status,SYSTEM_STATUS
health status,SYSTEM_STATUS
are you online,SYSTEM_STATUS
status for me,SYSTEM_STATUS
status,SYSTEM_STATUS
guru show system status,SYSTEM_STATUS
show system status immediately,SYSTEM_STATUS
show system status,SYSTEM_STATUS
show robot status right now,SYSTEM_STATUS
show robot status,SYSTEM_STATUS
diagnostic report,SYSTEM_STATUS
could you device status,SYSTEM_STATUS
device status,SYSTEM_STATUS
device status for me,SYSTEM_STATUS
hey guru current status,SYSTEM_STATUS
current status immediately,SYSTEM_STATUS
current status,SYSTEM_STATUS
working status,SYSTEM_STATUS
working status for me,SYSTEM_STATUS
robot health right now,SYSTEM_STATUS
robot health,SYSTEM_STATUS
system health,SYSTEM_STATUS
system health right now,SYSTEM_STATUS
overall status,SYSTEM_STATUS
check system,SYSTEM_STATUS
check system right now,SYSTEM_STATUS
hey internet status,NETWORK_STATUS
internet status right now,NETWORK_STATUS
internet status,NETWORK_STATUS
wifi status,NETWORK_STATUS
would you wifi status,NETWORK_STATUS
wifi status please,NETWORK_STATUS
network status,NETWORK_STATUS
please network status,NETWORK_STATUS
would you are you connected,NETWORK_STATUS
are you connected,NETWORK_STATUS
connection status right now,NETWORK_STATUS
hey guru connection status,NETWORK_STATUS
connection status,NETWORK_STATUS
check internet,NETWORK_STATUS
wifi connection,NETWORK_STATUS
can you wifi connection,NETWORK_STATUS
hey guru network connection,NETWORK_STATUS
network connection,NETWORK_STATUS
internet connection,NETWORK_STATUS
internet connection right now,NETWORK_STATUS
please internet connection,NETWORK_STATUS
signal strength,NETWORK_STATUS
hey guru wifi strength,NETWORK_STATUS
wifi strength,NETWORK_STATUS
is internet available,NETWORK_STATUS
would you is internet available,NETWORK_STATUS
guru please are you connected to wifi,NETWORK_STATUS
are you connected to wifi,NETWORK_STATUS
network health immediately,NETWORK_STATUS
network health,NETWORK_STATUS
would you check network,NETWORK_STATUS
check network please,NETWORK_STATUS
check network,NETWORK_STATUS
turn on camera,CAMERA_ON
turn on camra,CAMERA_ON
listen guru turn on camera,CAMERA_ON
start camera right now,CAMERA_ON
start camera,CAMERA_ON
open camera,CAMERA_ON
listen guru open camera,CAMERA_ON
enable camera,CAMERA_ON
enable camera immediately,CAMERA_ON
camera chalu karo,CAMERA_ON
camera on,CAMERA_ON
hey camera on,CAMERA_ON
activate camera,CAMERA_ON
listen guru start webcam,CAMERA_ON
start webcam,CAMERA_ON
switch on camera,CAMERA_ON
guru please begin camera,CAMERA_ON
begin camera,CAMERA_ON
enable vision,CAMERA_ON
start vision,CAMERA_ON
camera please immediately,CAMERA_ON
camra please,CAMERA_ON
camera please,CAMERA_ON
open vision,CAMERA_ON
open vision for me,CAMERA_ON
power on camera,CAMERA_ON
power on camera for me,CAMERA_ON
guru power on camera,CAMERA_ON
launch camera,CAMERA_ON
turn off camera,CAMERA_OFF
can you turn off camera,CAMERA_OFF
stop camera,CAMERA_OFF
stop camra,CAMERA_OFF
close camera right now,CAMERA_OFF
listen guru close camera,CAMERA_OFF
close camera,CAMERA_OFF
disable camera,CAMERA_OFF
hey disable camera,CAMERA_OFF
disable camera quickly,CAMERA_OFF
camera off,CAMERA_OFF
please camera off,CAMERA_OFF
switch off camra,CAMERA_OFF
switch off camera,CAMERA_OFF
hey switch off camera,CAMERA_OFF
hey guru shutdown camera,CAMERA_OFF
shutdown camera,CAMERA_OFF
end camera,CAMERA_OFF
can you end camera,CAMERA_OFF
hey guru power off camera,CAMERA_OFF
power off camera,CAMERA_OFF
disable vision,CAMERA_OFF
could you disable vision,CAMERA_OFF
stop vision,CAMERA_OFF
would you close webcam,CAMERA_OFF
close webcam,CAMERA_OFF
could you camera stop,CAMERA_OFF
camera stop,CAMERA_OFF
camera stop right now,CAMERA_OFF
exit camera,CAMERA_OFF
exit camera right now,CAMERA_OFF
terminate camera,CAMERA_OFF
terminate camera please,CAMERA_OFF
camera status,CAMERA_STATUS
is camera on,CAMERA_STATUS
hey is camera on,CAMERA_STATUS
is camera working,CAMERA_STATUS
is camera working for me,CAMERA_STATUS
camera health,CAMERA_STATUS
camera health right now,CAMERA_STATUS
hey camera health,CAMERA_STATUS
could you camera information,CAMERA_STATUS
camera information,CAMERA_STATUS
camera report,CAMERA_STATUS
please camera report,CAMERA_STATUS
listen guru check camera,CAMERA_STATUS
check camera please,CAMERA_STATUS
check camera,CAMERA_STATUS
check camra,CAMERA_STATUS
please camera diagnostics,CAMERA_STATUS
camera diagnostics,CAMERA_STATUS
show camera status,CAMERA_STATUS
is vision active,CAMERA_STATUS
camera available,CAMERA_STATUS
camera connected,CAMERA_STATUS
camera ready,CAMERA_STATUS
camera state,CAMERA_STATUS
hey camera state,CAMERA_STATUS
camera online,CAMERA_STATUS
please camera online,CAMERA_STATUS
take photo immediately,TAKE_PHOTO
would you take photo,TAKE_PHOTO
take photo,TAKE_PHOTO
listen guru capture image,TAKE_PHOTO
capture image right now,TAKE_PHOTO
capture image,TAKE_PHOTO
listen guru take picture,TAKE_PHOTO
take picture,TAKE_PHOTO
take picture for me,TAKE_PHOTO
photo lo,TAKE_PHOTO
click photo,TAKE_PHOTO
can you click photo,TAKE_PHOTO
capture photo please,TAKE_PHOTO
capture photo,TAKE_PHOTO
hey capture photo,TAKE_PHOTO
snap picture,TAKE_PHOTO
take snapshot,TAKE_PHOTO
listen guru take snapshot,TAKE_PHOTO
take snapshot quickly,TAKE_PHOTO
save image quickly,TAKE_PHOTO
save image,TAKE_PHOTO
guru please click image,TAKE_PHOTO
click image,TAKE_PHOTO
guru capture current frame,TAKE_PHOTO
capture current frame,TAKE_PHOTO
capture current frame right now,TAKE_PHOTO
take a selfie,TAKE_PHOTO
take a selfie immediately,TAKE_PHOTO
capture now,TAKE_PHOTO
please capture now,TAKE_PHOTO
photograph this,TAKE_PHOTO
take one picture,TAKE_PHOTO
take one picture please,TAKE_PHOTO
capture this moment quickly,TAKE_PHOTO
listen guru capture this moment,TAKE_PHOTO
capture this moment,TAKE_PHOTO
record video,RECORD_VIDEO
listen guru record video,RECORD_VIDEO
start recording,RECORD_VIDEO
begin recording,RECORD_VIDEO
listen guru record,RECORD_VIDEO
record,RECORD_VIDEO
video recording,RECORD_VIDEO
would you video recording,RECORD_VIDEO
capture video please,RECORD_VIDEO
could you capture video,RECORD_VIDEO
capture video,RECORD_VIDEO
hey record now,RECORD_VIDEO
record now,RECORD_VIDEO
would you start video,RECORD_VIDEO
start video for me,RECORD_VIDEO
start video,RECORD_VIDEO
record everything quickly,RECORD_VIDEO
record everything,RECORD_VIDEO
guru please record everything,RECORD_VIDEO
begin video capture,RECORD_VIDEO
begin video capture for me,RECORD_VIDEO
start video recording,RECORD_VIDEO
please start video recording,RECORD_VIDEO
record scene,RECORD_VIDEO
guru record scene,RECORD_VIDEO
record scene right now,RECORD_VIDEO
guru save video,RECORD_VIDEO
save video,RECORD_VIDEO
start filming,RECORD_VIDEO
start filming right now,RECORD_VIDEO
video on,RECORD_VIDEO
stop recording,STOP_RECORDING
stop video,STOP_RECORDING
could you end recording,STOP_RECORDING
end recording,STOP_RECORDING
would you finish recording,STOP_RECORDING
finish recording,STOP_RECORDING
recording off,STOP_RECORDING
can you recording off,STOP_RECORDING
recording off please,STOP_RECORDING
video off,STOP_RECORDING
please stop filming,STOP_RECORDING
stop filming,STOP_RECORDING
stop filming right now,STOP_RECORDING
can you end video,STOP_RECORDING
end video,STOP_RECORDING
close recording,STOP_RECORDING
guru save recording,STOP_RECORDING
save recording,STOP_RECORDING
terminate recording,STOP_RECORDING
recording complete,STOP_RECORDING
finish video immediately,STOP_RECORDING
finish video,STOP_RECORDING
disable recording,STOP_RECORDING
stop capture,STOP_RECORDING
start live stream,LIVE_STREAM
start live stream quickly,LIVE_STREAM
stream video,LIVE_STREAM
hey stream video,LIVE_STREAM
enable live stream for me,LIVE_STREAM
enable live stream,LIVE_STREAM
hey guru go live,LIVE_STREAM
go live,LIVE_STREAM
start streaming,LIVE_STREAM
show live video,LIVE_STREAM
guru show live video,LIVE_STREAM
live camera,LIVE_STREAM
live camera immediately,LIVE_STREAM
can you live camera,LIVE_STREAM
broadcast video,LIVE_STREAM
broadcast video immediately,LIVE_STREAM
stream camera,LIVE_STREAM
stream camera immediately,LIVE_STREAM
open live stream,LIVE_STREAM
view live feed,LIVE_STREAM
view live feed please,LIVE_STREAM
guru please view live feed,LIVE_STREAM
camera live,LIVE_STREAM
camra live,LIVE_STREAM
hey show camera feed,LIVE_STREAM
show camera feed,LIVE_STREAM
show camra feed,LIVE_STREAM
display live video,LIVE_STREAM
listen guru display live video,LIVE_STREAM
could you stream now,LIVE_STREAM
stream now,LIVE_STREAM
detect objects,OBJECT_DETECTION
what do you see,OBJECT_DETECTION
scan room right now,OBJECT_DETECTION
scan room,OBJECT_DETECTION
identify objects,OBJECT_DETECTION
recognize objects,OBJECT_DETECTION
look around,OBJECT_DETECTION
scan surroundings,OBJECT_DETECTION
hey guru scan surroundings,OBJECT_DETECTION
analyze scene,OBJECT_DETECTION
analyze scene quickly,OBJECT_DETECTION
hey analyze scene,OBJECT_DETECTION
detect everything,OBJECT_DETECTION
show detected objects,OBJECT_DETECTION
please show detected objects,OBJECT_DETECTION
identify items,OBJECT_DETECTION
scan environment,OBJECT_DETECTION
scan environment immediately,OBJECT_DETECTION
check surroundings immediately,OBJECT_DETECTION
could you check surroundings,OBJECT_DETECTION
check surroundings,OBJECT_DETECTION
see what's around,OBJECT_DETECTION
object detection,OBJECT_DETECTION
find my bottle please,FIND_OBJECT
meri bottle dhoondo,FIND_OBJECT
find my bottle,FIND_OBJECT
hey guru find my bottle,FIND_OBJECT
find my phone,FIND_OBJECT
hey guru find my phone,FIND_OBJECT
find my keys,FIND_OBJECT
listen guru find my wallet,FIND_OBJECT
find my wallet,FIND_OBJECT
find my wallet right now,FIND_OBJECT
locate my glasses right now,FIND_OBJECT
locate my glasses,FIND_OBJECT
where is my bottle,FIND_OBJECT
where is my phone,FIND_OBJECT
search for my keys,FIND_OBJECT
look for my wallet,FIND_OBJECT
listen guru look for my wallet,FIND_OBJECT
can you find my bag,FIND_OBJECT
listen guru can you find my bag,FIND_OBJECT
find the chair for me,FIND_OBJECT
find the chair,FIND_OBJECT
locate the remote,FIND_OBJECT
where are my shoes for me,FIND_OBJECT
where are my shoes,FIND_OBJECT
guru where are my shoes,FIND_OBJECT
find my medicine,FIND_OBJECT
can you find my medicine,FIND_OBJECT
help me find my object,FIND_OBJECT
guru please help me find my object,FIND_OBJECT
would you count people,COUNT_OBJECTS
count people,COUNT_OBJECTS
how many people,COUNT_OBJECTS
how many people quickly,COUNT_OBJECTS
count chairs,COUNT_OBJECTS
listen guru count chairs,COUNT_OBJECTS
count bottles,COUNT_OBJECTS
hey count bottles,COUNT_OBJECTS
guru please count objects,COUNT_OBJECTS
count objects,COUNT_OBJECTS
guru how many objects,COUNT_OBJECTS
how many objects,COUNT_OBJECTS
how many objects right now,COUNT_OBJECTS
would you count everything,COUNT_OBJECTS
count everything,COUNT_OBJECTS
number of people,COUNT_OBJECTS
how many persons,COUNT_OBJECTS
listen guru how many persons,COUNT_OBJECTS
count detected items,COUNT_OBJECTS
count detected items for me,COUNT_OBJECTS
count boxes,COUNT_OBJECTS
count boxes quickly,COUNT_OBJECTS
please count boxes,COUNT_OBJECTS
how many bottles,COUNT_OBJECTS
hey how many bottles,COUNT_OBJECTS
count cups,COUNT_OBJECTS
count books,COUNT_OBJECTS
count visible objects,COUNT_OBJECTS
listen guru count visible objects,COUNT_OBJECTS
hey guru who is this,FACE_RECOGNITION
who is this,FACE_RECOGNITION
who is this right now,FACE_RECOGNITION
recognize face,FACE_RECOGNITION
would you identify person,FACE_RECOGNITION
identify person,FACE_RECOGNITION
who am i,FACE_RECOGNITION
can you who am i,FACE_RECOGNITION
recognize me,FACE_RECOGNITION
hey guru recognize me,FACE_RECOGNITION
recognize me right now,FACE_RECOGNITION
guru identify me,FACE_RECOGNITION
identify me,FACE_RECOGNITION
whose face is this,FACE_RECOGNITION
would you detect face,FACE_RECOGNITION
detect face,FACE_RECOGNITION
face recognition,FACE_RECOGNITION
face recognition please,FACE_RECOGNITION
who is standing there,FACE_RECOGNITION
hey who is standing there,FACE_RECOGNITION
who is standing there quickly,FACE_RECOGNITION
recognize person,FACE_RECOGNITION
recognize person please,FACE_RECOGNITION
guru recognize person,FACE_RECOGNITION
who is in front of you please,FACE_RECOGNITION
who is in front of you,FACE_RECOGNITION
hey who is in front of you,FACE_RECOGNITION
identify the face,FACE_RECOGNITION
can you recognize this person,FACE_RECOGNITION
please can you recognize this person,FACE_RECOGNITION
who is here,FACE_RECOGNITION
could you register my face,REGISTER_FACE
register my face please,REGISTER_FACE
register my face,REGISTER_FACE
add my face,REGISTER_FACE
add my face right now,REGISTER_FACE
enroll my face,REGISTER_FACE
save my face please,REGISTER_FACE
save my face,REGISTER_FACE
learn my face,REGISTER_FACE
face registration,REGISTER_FACE
hey guru face registration,REGISTER_FACE
register new face,REGISTER_FACE
listen guru register new face,REGISTER_FACE
store face,REGISTER_FACE
would you store face,REGISTER_FACE
store face quickly,REGISTER_FACE
remember my face,REGISTER_FACE
remember my face quickly,REGISTER_FACE
scan my face,REGISTER_FACE
capture my face,REGISTER_FACE
capture my face please,REGISTER_FACE
add new user,REGISTER_FACE
would you add new user,REGISTER_FACE
add new user quickly,REGISTER_FACE
register user,REGISTER_FACE
please enroll me,REGISTER_FACE
enroll me,REGISTER_FACE
save face profile,REGISTER_FACE
delete my face,DELETE_FACE
remove face,DELETE_FACE
delete registered face,DELETE_FACE
please delete registered face,DELETE_FACE
forget my face,DELETE_FACE
remove user for me,DELETE_FACE
remove user,DELETE_FACE
delete user,DELETE_FACE
delete user for me,DELETE_FACE
would you delete user,DELETE_FACE
clear face data,DELETE_FACE
hey clear face data,DELETE_FACE
erase face,DELETE_FACE
would you erase face,DELETE_FACE
erase face immediately,DELETE_FACE
delete profile right now,DELETE_FACE
delete profile,DELETE_FACE
remove registered user,DELETE_FACE
guru remove registered user,DELETE_FACE
delete face profile immediately,DELETE_FACE
delete face profile,DELETE_FACE
hey remove my profile,DELETE_FACE
remove my profile,DELETE_FACE
can you forget user,DELETE_FACE
forget user,DELETE_FACE
clear face database immediately,DELETE_FACE
clear face database,DELETE_FACE
hey clear face database,DELETE_FACE
delete enrollment,DELETE_FACE
hey guru delete enrollment,DELETE_FACE
delete enrollment right now,DELETE_FACE
enable fall detection immediately,ENABLE_FALL_DETECTION
enable fall detection,ENABLE_FALL_DETECTION
listen guru turn on fall detection,ENABLE_FALL_DETECTION
turn on fall detection right now,ENABLE_FALL_DETECTION
turn on fall detection,ENABLE_FALL_DETECTION
start fall detection,ENABLE_FALL_DETECTION
activate fall detection,ENABLE_FALL_DETECTION
guru monitor falls,ENABLE_FALL_DETECTION
monitor falls,ENABLE_FALL_DETECTION
watch for falls,ENABLE_FALL_DETECTION
watch for falls for me,ENABLE_FALL_DETECTION
enable emergency monitoring immediately,ENABLE_FALL_DETECTION
enable emergency monitoring,ENABLE_FALL_DETECTION
start monitoring falls,ENABLE_FALL_DETECTION
listen guru start monitoring falls,ENABLE_FALL_DETECTION
fall detection on,ENABLE_FALL_DETECTION
fall detection on quickly,ENABLE_FALL_DETECTION
please begin fall monitoring,ENABLE_FALL_DETECTION
begin fall monitoring,ENABLE_FALL_DETECTION
disable fall detection immediately,DISABLE_FALL_DETECTION
disable fall detection,DISABLE_FALL_DETECTION
turn off fall detection,DISABLE_FALL_DETECTION
stop fall detection,DISABLE_FALL_DETECTION
stop fall detection quickly,DISABLE_FALL_DETECTION
deactivate fall detection,DISABLE_FALL_DETECTION
deactivate fall detection immediately,DISABLE_FALL_DETECTION
fall detection off,DISABLE_FALL_DETECTION
fall detection off for me,DISABLE_FALL_DETECTION
would you fall detection off,DISABLE_FALL_DETECTION
stop monitoring falls,DISABLE_FALL_DETECTION
guru stop monitoring falls,DISABLE_FALL_DETECTION
stop monitoring falls for me,DISABLE_FALL_DETECTION
disable emergency monitoring,DISABLE_FALL_DETECTION
disable emergency monitoring right now,DISABLE_FALL_DETECTION
pause fall detection,DISABLE_FALL_DETECTION
pause fall detection for me,DISABLE_FALL_DETECTION
can you pause fall detection,DISABLE_FALL_DETECTION
end fall monitoring,DISABLE_FALL_DETECTION
would you end fall monitoring,DISABLE_FALL_DETECTION
end fall monitoring quickly,DISABLE_FALL_DETECTION
stop watching for falls,DISABLE_FALL_DETECTION
hey guru fall status,FALL_STATUS
fall status,FALL_STATUS
is fall detection running,FALL_STATUS
is fall detection running right now,FALL_STATUS
please is fall detection running,FALL_STATUS
check fall detection,FALL_STATUS
can you check fall detection,FALL_STATUS
fall detection status immediately,FALL_STATUS
fall detection status,FALL_STATUS
please fall detection status,FALL_STATUS
guru monitor status,FALL_STATUS
monitor status,FALL_STATUS
is monitoring enabled quickly,FALL_STATUS
is monitoring enabled,FALL_STATUS
would you is monitoring enabled,FALL_STATUS
show fall status,FALL_STATUS
show fall status please,FALL_STATUS
fall monitoring active,FALL_STATUS
fall monitoring active quickly,FALL_STATUS
would you emergency monitoring status,FALL_STATUS
emergency monitoring status,FALL_STATUS
would you is fall detection on,FALL_STATUS
is fall detection on,FALL_STATUS
move forward,MOVE_FORWARD
go forward quickly,MOVE_FORWARD
go forward,MOVE_FORWARD
hey go forward,MOVE_FORWARD
aage jao,MOVE_FORWARD
aage chalo,MOVE_FORWARD
go ahead,MOVE_FORWARD
move ahead,MOVE_FORWARD
start moving,MOVE_FORWARD
start moving quickly,MOVE_FORWARD
drive forward,MOVE_FORWARD
drive forward quickly,MOVE_FORWARD
can you move straight,MOVE_FORWARD
move straight,MOVE_FORWARD
can you go straight,MOVE_FORWARD
go straight,MOVE_FORWARD
advance,MOVE_FORWARD
can you advance,MOVE_FORWARD
move in front immediately,MOVE_FORWARD
move in front,MOVE_FORWARD
move backward,MOVE_BACKWARD
listen guru move backward,MOVE_BACKWARD
go backward,MOVE_BACKWARD
go backward please,MOVE_BACKWARD
can you go backward,MOVE_BACKWARD
go back immediately,MOVE_BACKWARD
hey guru go back,MOVE_BACKWARD
go back,MOVE_BACKWARD
could you reverse,MOVE_BACKWARD
reverse,MOVE_BACKWARD
move back,MOVE_BACKWARD
would you move back,MOVE_BACKWARD
drive backward,MOVE_BACKWARD
guru please drive backward,MOVE_BACKWARD
drive backward immediately,MOVE_BACKWARD
step back,MOVE_BACKWARD
can you step back,MOVE_BACKWARD
reverse robot,MOVE_BACKWARD
go in reverse,MOVE_BACKWARD
go in reverse quickly,MOVE_BACKWARD
back up,MOVE_BACKWARD
could you back up,MOVE_BACKWARD
turn left,TURN_LEFT
hey guru turn left,TURN_LEFT
turn left please,TURN_LEFT
rotate left,TURN_LEFT
could you rotate left,TURN_LEFT
listen guru move left,TURN_LEFT
move left,TURN_LEFT
go left,TURN_LEFT
left,TURN_LEFT
please left,TURN_LEFT
would you take left,TURN_LEFT
take left,TURN_LEFT
take left immediately,TURN_LEFT
face left,TURN_LEFT
baaye jao,TURN_LEFT
can you face left,TURN_LEFT
spin left immediately,TURN_LEFT
spin left,TURN_LEFT
rotate to left please,TURN_LEFT
rotate to left,TURN_LEFT
turn towards left,TURN_LEFT
turn towards left immediately,TURN_LEFT
hey guru turn right,TURN_RIGHT
turn right,TURN_RIGHT
daaye jao,TURN_RIGHT
guru rotate right,TURN_RIGHT
rotate right,TURN_RIGHT
move right,TURN_RIGHT
please move right,TURN_RIGHT
go right,TURN_RIGHT
can you go right,TURN_RIGHT
right immediately,TURN_RIGHT
right,TURN_RIGHT
take right please,TURN_RIGHT
take right,TURN_RIGHT
guru take right,TURN_RIGHT
face right immediately,TURN_RIGHT
face right,TURN_RIGHT
spin right,TURN_RIGHT
guru spin right,TURN_RIGHT
rotate to right,TURN_RIGHT
turn towards right,TURN_RIGHT
guru please turn towards right,TURN_RIGHT
please stop moving,STOP_MOVEMENT
stop moving,STOP_MOVEMENT
stop navigation,STOP_MOVEMENT
hey guru stop navigation,STOP_MOVEMENT
halt movement,STOP_MOVEMENT
freeze movement for me,STOP_MOVEMENT
listen guru freeze movement,STOP_MOVEMENT
freeze movement,STOP_MOVEMENT
don't move immediately,STOP_MOVEMENT
don't move,STOP_MOVEMENT
please don't move,STOP_MOVEMENT
stay here,STOP_MOVEMENT
hold position,STOP_MOVEMENT
hey hold position,STOP_MOVEMENT
hold position for me,STOP_MOVEMENT
hey guru cancel navigation,STOP_MOVEMENT
cancel navigation,STOP_MOVEMENT
cancel navigation please,STOP_MOVEMENT
guru stop driving,STOP_MOVEMENT
stop driving,STOP_MOVEMENT
movement stop,STOP_MOVEMENT
movement stop for me,STOP_MOVEMENT
follow me right now,FOLLOW_PERSON
follow me,FOLLOW_PERSON
come with me,FOLLOW_PERSON
come with me for me,FOLLOW_PERSON
walk behind me,FOLLOW_PERSON
walk behind me immediately,FOLLOW_PERSON
track me,FOLLOW_PERSON
follow person,FOLLOW_PERSON
follow the user,FOLLOW_PERSON
hey guru follow the user,FOLLOW_PERSON
stay behind me,FOLLOW_PERSON
stay behind me immediately,FOLLOW_PERSON
please keep following me,FOLLOW_PERSON
keep following me,FOLLOW_PERSON
keep following me immediately,FOLLOW_PERSON
follow my movement,FOLLOW_PERSON
guru please come after me,FOLLOW_PERSON
come after me,FOLLOW_PERSON
come here,COME_HERE
guru please come here,COME_HERE
come to me,COME_HERE
come near me,COME_HERE
move here,COME_HERE
could you move here,COME_HERE
approach me,COME_HERE
can you come closer,COME_HERE
come closer,COME_HERE
come this way,COME_HERE
return to me,COME_HERE
move towards me,COME_HERE
listen guru join me,COME_HERE
join me,COME_HERE
go home,GO_HOME
please return home,GO_HOME
return home,GO_HOME
return home immediately,GO_HOME
return to charging station,GO_HOME
can you return to charging station,GO_HOME
go to dock,GO_HOME
go back home please,GO_HOME
go back home,GO_HOME
return to base for me,GO_HOME
return to base,GO_HOME
go to your home,GO_HOME
go to your home please,GO_HOME
please go to your home,GO_HOME
please dock yourself,GO_HOME
dock yourself,GO_HOME
navigate home,GO_HOME
please navigate home,GO_HOME
return to starting point,GO_HOME
set reminder,SET_REMINDER
hey set reminder,SET_REMINDER
set reminder for me,SET_REMINDER
could you add reminder,SET_REMINDER
add reminder,SET_REMINDER
add remnder,SET_REMINDER
guru please create reminder,SET_REMINDER
create reminder,SET_REMINDER
guru please remind me,SET_REMINDER
remind me,SET_REMINDER
remind me immediately,SET_REMINDER
remind me later,SET_REMINDER
remind me later for me,SET_REMINDER
set an alarm,SET_REMINDER
could you set an alarm,SET_REMINDER
hey guru schedule reminder,SET_REMINDER
schedule remnder,SET_REMINDER
schedule reminder,SET_REMINDER
add a reminder,SET_REMINDER
create an alarm,SET_REMINDER
hey create an alarm,SET_REMINDER
remember this please,SET_REMINDER
guru remember this,SET_REMINDER
remember this,SET_REMINDER
would you remind me tomorrow,SET_REMINDER
remind me tomorrow,SET_REMINDER
remind me this evening,SET_REMINDER
listen guru remind me after one hour,SET_REMINDER
remind me after one hour,SET_REMINDER
remind me after one hour right now,SET_REMINDER
please set a notification,SET_REMINDER
set a notification,SET_REMINDER
schedule a notification,SET_REMINDER
listen guru schedule a notification,SET_REMINDER
show reminders for me,LIST_REMINDERS
show reminders,LIST_REMINDERS
my reminders,LIST_REMINDERS
guru please my reminders,LIST_REMINDERS
could you list reminders,LIST_REMINDERS
list reminders,LIST_REMINDERS
display reminders,LIST_REMINDERS
display reminders immediately,LIST_REMINDERS
what reminders do i have please,LIST_REMINDERS
guru what reminders do i have,LIST_REMINDERS
what reminders do i have,LIST_REMINDERS
please show my reminder list,LIST_REMINDERS
show my reminder list for me,LIST_REMINDERS
show my reminder list,LIST_REMINDERS
check reminders,LIST_REMINDERS
hey guru check reminders,LIST_REMINDERS
view reminders for me,LIST_REMINDERS
view reminders,LIST_REMINDERS
can you upcoming reminders,LIST_REMINDERS
upcoming reminders,LIST_REMINDERS
could you pending reminders,LIST_REMINDERS
pending reminders,LIST_REMINDERS
what should i remember,LIST_REMINDERS
could you what should i remember,LIST_REMINDERS
reminder list,LIST_REMINDERS
show reminder schedule,LIST_REMINDERS
show reminder schedule quickly,LIST_REMINDERS
show all reminders,LIST_REMINDERS
can you show all reminders,LIST_REMINDERS
what are today's reminders,LIST_REMINDERS
cancel reminder,CANCEL_REMINDER
cancel reminder for me,CANCEL_REMINDER
hey guru delete reminder,CANCEL_REMINDER
delete reminder,CANCEL_REMINDER
remove reminder,CANCEL_REMINDER
hey guru remove reminder,CANCEL_REMINDER
stop reminder,CANCEL_REMINDER
clear reminder please,CANCEL_REMINDER
guru clear reminder,CANCEL_REMINDER
clear reminder,CANCEL_REMINDER
erase reminder,CANCEL_REMINDER
erase reminder right now,CANCEL_REMINDER
delete all reminders,CANCEL_REMINDER
delete all reminders quickly,CANCEL_REMINDER
cancel alarm,CANCEL_REMINDER
hey cancel alarm,CANCEL_REMINDER
remove alarm,CANCEL_REMINDER
disable reminder,CANCEL_REMINDER
hey disable reminder,CANCEL_REMINDER
stop all reminders,CANCEL_REMINDER
can you cancel my reminder,CANCEL_REMINDER
cancel my reminder,CANCEL_REMINDER
would you remove scheduled reminder,CANCEL_REMINDER
remove scheduled reminder,CANCEL_REMINDER
delete scheduled remnder,CANCEL_REMINDER
delete scheduled reminder,CANCEL_REMINDER
forget remnder,CANCEL_REMINDER
forget reminder please,CANCEL_REMINDER
forget reminder,CANCEL_REMINDER
guru please forget reminder,CANCEL_REMINDER
medicine reminder,MEDICINE_QUERY
can you did i take medicine,MEDICINE_QUERY
did i take medicine,MEDICINE_QUERY
medicine status for me,MEDICINE_QUERY
medicine status,MEDICINE_QUERY
when should i take medicine,MEDICINE_QUERY
what medicine should i take,MEDICINE_QUERY
what medicine should i take for me,MEDICINE_QUERY
please show medicine reminder,MEDICINE_QUERY
show medicine reminder,MEDICINE_QUERY
medicine schedule,MEDICINE_QUERY
please medicine schedule,MEDICINE_QUERY
next medicine,MEDICINE_QUERY
medicine time,MEDICINE_QUERY
would you medicine time,MEDICINE_QUERY
have i taken medicine,MEDICINE_QUERY
which medicine is due,MEDICINE_QUERY
which medicine is due immediately,MEDICINE_QUERY
guru medicine alert,MEDICINE_QUERY
medicine alert,MEDICINE_QUERY
medicine information,MEDICINE_QUERY
guru please medicine information,MEDICINE_QUERY
listen guru medicine details,MEDICINE_QUERY
medicine details,MEDICINE_QUERY
medicine history,MEDICINE_QUERY
please remind me to drink water,WATER_REMINDER
remind me to drink water please,WATER_REMINDER
remind me to drink water,WATER_REMINDER
water reminder,WATER_REMINDER
drink water reminder right now,WATER_REMINDER
drink water reminder,WATER_REMINDER
could you drink water reminder,WATER_REMINDER
hydration reminder,WATER_REMINDER
hydration reminder right now,WATER_REMINDER
water alert,WATER_REMINDER
time to drink water,WATER_REMINDER
schedule water reminder,WATER_REMINDER
hey guru schedule water reminder,WATER_REMINDER
schedule water reminder immediately,WATER_REMINDER
set water reminder,WATER_REMINDER
water notification,WATER_REMINDER
please water notification,WATER_REMINDER
water notification right now,WATER_REMINDER
drink water quickly,WATER_REMINDER
guru drink water,WATER_REMINDER
drink water,WATER_REMINDER
my appointments,APPOINTMENT_QUERY
appointment reminder for me,APPOINTMENT_QUERY
listen guru appointment reminder,APPOINTMENT_QUERY
appointment reminder,APPOINTMENT_QUERY
upcoming appointment,APPOINTMENT_QUERY
please upcoming appointment,APPOINTMENT_QUERY
would you next appointment,APPOINTMENT_QUERY
next appointment,APPOINTMENT_QUERY
show appointments,APPOINTMENT_QUERY
doctor appointment,APPOINTMENT_QUERY
meeting reminder please,APPOINTMENT_QUERY
meeting reminder,APPOINTMENT_QUERY
appointment schedule,APPOINTMENT_QUERY
appointment status,APPOINTMENT_QUERY
today's appointment,APPOINTMENT_QUERY
increase volume,VOLUME_UP
increase volume quickly,VOLUME_UP
volume up,VOLUME_UP
would you volume up,VOLUME_UP
raise volume,VOLUME_UP
make it louder,VOLUME_UP
hey guru make it louder,VOLUME_UP
sound up quickly,VOLUME_UP
sound up,VOLUME_UP
turn volume up quickly,VOLUME_UP
turn volume up,VOLUME_UP
could you turn volume up,VOLUME_UP
increase sound please,VOLUME_UP
increase sound,VOLUME_UP
speaker louder,VOLUME_UP
boost volume,VOLUME_UP
boost volume please,VOLUME_UP
higher volume,VOLUME_UP
decrease volume,VOLUME_DOWN
decrease volume immediately,VOLUME_DOWN
could you decrease volume,VOLUME_DOWN
volume down right now,VOLUME_DOWN
volume down,VOLUME_DOWN
would you reduce volume,VOLUME_DOWN
reduce volume,VOLUME_DOWN
reduce volume quickly,VOLUME_DOWN
lower volume,VOLUME_DOWN
make it quieter please,VOLUME_DOWN
could you make it quieter,VOLUME_DOWN
make it quieter,VOLUME_DOWN
sound down,VOLUME_DOWN
sound down for me,VOLUME_DOWN
turn volume down,VOLUME_DOWN
speaker quieter,VOLUME_DOWN
decrease sound,VOLUME_DOWN
decrease sound quickly,VOLUME_DOWN
reduce speaker volume,VOLUME_DOWN
mute,MUTE
mute speaker,MUTE
please mute speaker,MUTE
turn off sound,MUTE
silence,MUTE
can you silence,MUTE
be quiet,MUTE
be quiet for me,MUTE
disable audio,MUTE
mute yourself quickly,MUTE
guru please mute yourself,MUTE
mute yourself,MUTE
guru please stop speaking,MUTE
stop speaking right now,MUTE
stop speaking,MUTE
speaker off,MUTE
speaker off for me,MUTE
audio off please,MUTE
can you audio off,MUTE
audio off,MUTE
unmute,UNMUTE
hey guru unmute,UNMUTE
unmute right now,UNMUTE
hey guru enable sound,UNMUTE
enable sound,UNMUTE
enable sound please,UNMUTE
turn on sound,UNMUTE
turn on sound immediately,UNMUTE
guru please speaker on,UNMUTE
speaker on please,UNMUTE
speaker on,UNMUTE
audio on,UNMUTE
hey guru restore volume,UNMUTE
restore volume,UNMUTE
resume audio,UNMUTE
speak again,UNMUTE
enable speaker,UNMUTE
hey guru enable speaker,UNMUTE
turn voice on,UNMUTE
turn voice on for me,UNMUTE
normal eyes,EYE_IDLE
idle eyes,EYE_IDLE
idle eyes for me,EYE_IDLE
would you default eyes,EYE_IDLE
default eyes,EYE_IDLE
default eyes please,EYE_IDLE
show idle eyes,EYE_IDLE
hey show idle eyes,EYE_IDLE
reset eyes,EYE_IDLE
reset eyes for me,EYE_IDLE
can you normal expression,EYE_IDLE
normal expression,EYE_IDLE
default expression,EYE_IDLE
would you default expression,EYE_IDLE
relax your eyes,EYE_IDLE
can you neutral eyes,EYE_IDLE
neutral eyes,EYE_IDLE
idle mode,EYE_IDLE
happy eyes,EYE_HAPPY
hey happy eyes,EYE_HAPPY
happy eyes please,EYE_HAPPY
listen guru smile,EYE_HAPPY
smile,EYE_HAPPY
look happy,EYE_HAPPY
show happy eyes,EYE_HAPPY
cheerful eyes please,EYE_HAPPY
please cheerful eyes,EYE_HAPPY
cheerful eyes,EYE_HAPPY
cute eyes,EYE_HAPPY
cute eyes quickly,EYE_HAPPY
happy expression,EYE_HAPPY
guru smiling eyes,EYE_HAPPY
smiling eyes,EYE_HAPPY
look cheerful,EYE_HAPPY
look cheerful quickly,EYE_HAPPY
guru look cheerful,EYE_HAPPY
be happy,EYE_HAPPY
be happy please,EYE_HAPPY
sleep eyes,EYE_SLEEP
could you close your eyes,EYE_SLEEP
close your eyes immediately,EYE_SLEEP
close your eyes,EYE_SLEEP
sleep mode eyes,EYE_SLEEP
show sleeping eyes,EYE_SLEEP
show sleeping eyes for me,EYE_SLEEP
can you show sleeping eyes,EYE_SLEEP
close eyes,EYE_SLEEP
close eyes please,EYE_SLEEP
would you rest your eyes,EYE_SLEEP
rest your eyes,EYE_SLEEP
sleep expression,EYE_SLEEP
hey guru sleep expression,EYE_SLEEP
eyes closed,EYE_SLEEP
eyes closed right now,EYE_SLEEP
guru please eyes closed,EYE_SLEEP
go sleepy,EYE_SLEEP
guru please go sleepy,EYE_SLEEP
go sleepy immediately,EYE_SLEEP
sleep face,EYE_SLEEP
hey blink,EYE_BLINK
blink,EYE_BLINK
blink your eyes please,EYE_BLINK
blink your eyes,EYE_BLINK
close and open eyes,EYE_BLINK
blink once please,EYE_BLINK
guru blink once,EYE_BLINK
blink once,EYE_BLINK
show blink,EYE_BLINK
eye blink for me,EYE_BLINK
eye blink,EYE_BLINK
would you eye blink,EYE_BLINK
blink now,EYE_BLINK
blink now for me,EYE_BLINK
blink quickly please,EYE_BLINK
blink quickly,EYE_BLINK
hey guru wink,EYE_BLINK
wink immediately,EYE_BLINK
wink,EYE_BLINK
blink animation,EYE_BLINK
look left,EYE_LOOK_LEFT
eyes left,EYE_LOOK_LEFT
eyes left right now,EYE_LOOK_LEFT
turn eyes left quickly,EYE_LOOK_LEFT
turn eyes left,EYE_LOOK_LEFT
listen guru turn eyes left,EYE_LOOK_LEFT
see left please,EYE_LOOK_LEFT
see left,EYE_LOOK_LEFT
guru please watch left,EYE_LOOK_LEFT
watch left,EYE_LOOK_LEFT
look to the left,EYE_LOOK_LEFT
move eyes left,EYE_LOOK_LEFT
listen guru move eyes left,EYE_LOOK_LEFT
guru please left eye movement,EYE_LOOK_LEFT
left eye movement,EYE_LOOK_LEFT
face left immediately,EYE_LOOK_LEFT
face left,EYE_LOOK_LEFT
glance left please,EYE_LOOK_LEFT
glance left,EYE_LOOK_LEFT
could you glance left,EYE_LOOK_LEFT
look right quickly,EYE_LOOK_RIGHT
look right,EYE_LOOK_RIGHT
hey guru look right,EYE_LOOK_RIGHT
eyes right please,EYE_LOOK_RIGHT
please eyes right,EYE_LOOK_RIGHT
eyes right,EYE_LOOK_RIGHT
turn eyes right,EYE_LOOK_RIGHT
see right,EYE_LOOK_RIGHT
could you see right,EYE_LOOK_RIGHT
could you watch right,EYE_LOOK_RIGHT
watch right,EYE_LOOK_RIGHT
look to the right,EYE_LOOK_RIGHT
listen guru move eyes right,EYE_LOOK_RIGHT
move eyes right,EYE_LOOK_RIGHT
move eyes right please,EYE_LOOK_RIGHT
right eye movement right now,EYE_LOOK_RIGHT
right eye movement,EYE_LOOK_RIGHT
guru please right eye movement,EYE_LOOK_RIGHT
face right,EYE_LOOK_RIGHT
glance right,EYE_LOOK_RIGHT
look up,EYE_LOOK_UP
can you look up,EYE_LOOK_UP
could you eyes up,EYE_LOOK_UP
eyes up,EYE_LOOK_UP
see above immediately,EYE_LOOK_UP
hey guru see above,EYE_LOOK_UP
see above,EYE_LOOK_UP
look upward,EYE_LOOK_UP
guru please look upward,EYE_LOOK_UP
move eyes up,EYE_LOOK_UP
can you watch above,EYE_LOOK_UP
watch above please,EYE_LOOK_UP
watch above,EYE_LOOK_UP
raise your eyes,EYE_LOOK_UP
guru raise your eyes,EYE_LOOK_UP
raise your eyes immediately,EYE_LOOK_UP
upward glance,EYE_LOOK_UP
look at the ceiling immediately,EYE_LOOK_UP
look at the ceiling,EYE_LOOK_UP
would you look at the ceiling,EYE_LOOK_UP
eyes upward,EYE_LOOK_UP
eyes upward right now,EYE_LOOK_UP
look down,EYE_LOOK_DOWN
hey eyes down,EYE_LOOK_DOWN
eyes down,EYE_LOOK_DOWN
see below,EYE_LOOK_DOWN
look downward,EYE_LOOK_DOWN
move eyes down,EYE_LOOK_DOWN
move eyes down quickly,EYE_LOOK_DOWN
guru please move eyes down,EYE_LOOK_DOWN
watch below,EYE_LOOK_DOWN
lower your eyes,EYE_LOOK_DOWN
guru lower your eyes,EYE_LOOK_DOWN
downward glance,EYE_LOOK_DOWN
downward glance right now,EYE_LOOK_DOWN
look at the floor,EYE_LOOK_DOWN
look at the floor right now,EYE_LOOK_DOWN
eyes downward,EYE_LOOK_DOWN
guru eyes downward,EYE_LOOK_DOWN
guru blue eyes,EYE_COLOR_BLUE
blue eyes,EYE_COLOR_BLUE
make your eyes blue for me,EYE_COLOR_BLUE
guru make your eyes blue,EYE_COLOR_BLUE
make your eyes blue,EYE_COLOR_BLUE
change eyes to blue,EYE_COLOR_BLUE
change eyes to blue please,EYE_COLOR_BLUE
would you show blue eyes,EYE_COLOR_BLUE
show blue eyes,EYE_COLOR_BLUE
can you blue eye color,EYE_COLOR_BLUE
blue eye color,EYE_COLOR_BLUE
set blue eyes,EYE_COLOR_BLUE
hey guru switch to blue eyes,EYE_COLOR_BLUE
switch to blue eyes,EYE_COLOR_BLUE
make eyes glow blue,EYE_COLOR_BLUE
make eyes glow blue please,EYE_COLOR_BLUE
guru please use blue eyes,EYE_COLOR_BLUE
use blue eyes,EYE_COLOR_BLUE
eye color blue,EYE_COLOR_BLUE
red eyes for me,EYE_COLOR_RED
red eyes,EYE_COLOR_RED
guru please make your eyes red,EYE_COLOR_RED
make your eyes red,EYE_COLOR_RED
guru please change eyes to red,EYE_COLOR_RED
change eyes to red,EYE_COLOR_RED
change eyes to red please,EYE_COLOR_RED
show red eyes right now,EYE_COLOR_RED
show red eyes,EYE_COLOR_RED
listen guru show red eyes,EYE_COLOR_RED
listen guru red eye color,EYE_COLOR_RED
red eye color,EYE_COLOR_RED
set red eyes,EYE_COLOR_RED
switch to red eyes,EYE_COLOR_RED
warning eyes,EYE_COLOR_RED
alert eyes,EYE_COLOR_RED
eye color red,EYE_COLOR_RED
help me,EMERGENCY
guru help me,EMERGENCY
i need help,EMERGENCY
i need help quickly,EMERGENCY
emergency please,EMERGENCY
hey emergency,EMERGENCY
emergency,EMERGENCY
this is an emergency,EMERGENCY
please help,EMERGENCY
something is wrong,EMERGENCY
listen guru i am in danger,EMERGENCY
i am in danger,EMERGENCY
hey guru help immediately,EMERGENCY
help immediately,EMERGENCY
can you urgent help,EMERGENCY
urgent help quickly,EMERGENCY
urgent help,EMERGENCY
assist me,EMERGENCY
assist me please,EMERGENCY
would you assist me,EMERGENCY
i need assistance,EMERGENCY
please i need assistance,EMERGENCY
would you i'm not safe,EMERGENCY
i'm not safe immediately,EMERGENCY
i'm not safe,EMERGENCY
could you save me,EMERGENCY
save me,EMERGENCY
emergency assistance,EMERGENCY
emergency assistance quickly,EMERGENCY
help right now right now,EMERGENCY
help right now,EMERGENCY
would you send help,SEND_HELP
send help,SEND_HELP
notify my family,SEND_HELP
call for help right now,SEND_HELP
call for help,SEND_HELP
send emergency alert,SEND_HELP
hey send emergency alert,SEND_HELP
contact caregiver,SEND_HELP
guru please contact caregiver,SEND_HELP
hey inform my family,SEND_HELP
inform my family right now,SEND_HELP
inform my family,SEND_HELP
send sos please,SEND_HELP
send sos,SEND_HELP
notify emergency contact,SEND_HELP
guru please notify emergency contact,SEND_HELP
please alert my caregiver,SEND_HELP
alert my caregiver,SEND_HELP
call emergency contact,SEND_HELP
guru call emergency contact,SEND_HELP
could you call my caregiver,CALL_CAREGIVER
call my caregiver,CALL_CAREGIVER
call my caregiver right now,CALL_CAREGIVER
call my doctor,CALL_CAREGIVER
listen guru call my doctor,CALL_CAREGIVER
call my family please,CALL_CAREGIVER
call my family,CALL_CAREGIVER
contact my caretaker,CALL_CAREGIVER
call emergency contact,CALL_CAREGIVER
would you dial my caregiver,CALL_CAREGIVER
dial my caregiver,CALL_CAREGIVER
hey guru phone my family,CALL_CAREGIVER
phone my family,CALL_CAREGIVER
call home,CALL_CAREGIVER
would you call home,CALL_CAREGIVER
guru please connect with caregiver,CALL_CAREGIVER
connect with caregiver,CALL_CAREGIVER
contact doctor for me,CALL_CAREGIVER
contact doctor,CALL_CAREGIVER
cancel emergency,CANCEL_EMERGENCY
cancel emergency quickly,CANCEL_EMERGENCY
false alarm,CANCEL_EMERGENCY
false alarm quickly,CANCEL_EMERGENCY
stop emergency alert immediately,CANCEL_EMERGENCY
stop emergency alert,CANCEL_EMERGENCY
guru stop emergency alert,CANCEL_EMERGENCY
cancel sos,CANCEL_EMERGENCY
everything is okay,CANCEL_EMERGENCY
i am safe,CANCEL_EMERGENCY
stop calling,CANCEL_EMERGENCY
hey stop calling,CANCEL_EMERGENCY
cancel help request,CANCEL_EMERGENCY
can you cancel help request,CANCEL_EMERGENCY
dismiss emergency,CANCEL_EMERGENCY
dismiss emergency immediately,CANCEL_EMERGENCY
listen guru ignore emergency,CANCEL_EMERGENCY
ignore emergency,CANCEL_EMERGENCY
